Station Index,Equipment Type,IP,Subnet Mask,Gateway
1,IR829,10.150.137.18,255.255.255.240,10.150.137.17
1,UPS,10.150.137.19,255.255.255.240,10.150.137.18
1,EBCS,10.150.137.20,255.255.255.240,10.150.137.18
1,SMARC,10.150.137.21,255.255.255.240,10.150.137.18
1,SLA,10.150.137.22,255.255.255.240,10.150.137.17
2,IR829,10.150.145.18,255.255.255.240,10.150.145.17
2,UPS,10.150.145.19,255.255.255.240,10.150.145.18
2,EBCS,10.150.145.20,255.255.255.240,10.150.145.18
2,SMARC,10.150.145.21,255.255.255.240,10.150.145.18
2,SLA,10.150.145.22,255.255.255.240,10.150.145.17
3,IR829,10.150.153.66,255.255.255.240,10.150.153.65
3,UPS,10.150.153.67,255.255.255.240,10.150.153.66
3,EBCS,10.150.153.68,255.255.255.240,10.150.153.66
3,SMARC,10.150.153.69,255.255.255.240,10.150.153.66
3,SLA,10.150.153.70,255.255.255.240,10.150.153.65
4,IR829,10.150.161.18,255.255.255.240,10.150.161.17
4,UPS,10.150.161.19,255.255.255.240,10.150.161.18
4,EBCS,10.150.161.20,255.255.255.240,10.150.161.18
4,SMARC,10.150.161.21,255.255.255.240,10.150.161.18
4,SLA,10.150.161.22,255.255.255.240,10.150.161.17
5,IR829,10.150.169.66,255.255.255.240,10.150.169.65
5,UPS,10.150.169.67,255.255.255.240,10.150.169.66
5,EBCS,10.150.169.68,255.255.255.240,10.150.169.66
5,SMARC,10.150.169.69,255.255.255.240,10.150.169.66
5,SLA,10.150.169.70,255.255.255.240,10.150.169.65
6,IR829,10.150.177.18,255.255.255.240,10.150.177.17
6,UPS,10.150.177.19,255.255.255.240,10.150.177.18
6,EBCS,10.150.177.20,255.255.255.240,10.150.177.18
6,SMARC,10.150.177.21,255.255.255.240,10.150.177.18
6,SLA,10.150.177.22,255.255.255.240,10.150.177.17
8,IR829,10.212.49.18,255.255.255.240,10.212.49.17
8,UPS,10.212.49.19,255.255.255.240,10.212.49.18
8,EBCS,10.212.49.20,255.255.255.240,10.212.49.18
8,SMARC,10.212.49.21,255.255.255.240,10.212.49.18
8,SLA,10.212.49.22,255.255.255.240,10.212.49.17
41,IR829,10.186.201.18,255.255.255.240,10.186.201.17
41,UPS,10.186.201.19,255.255.255.240,10.186.201.18
41,EBCS,10.186.201.20,255.255.255.240,10.186.201.18
41,SMARC,10.186.201.21,255.255.255.240,10.186.201.18
41,SLA,10.186.201.22,255.255.255.240,10.186.201.17
42,IR829,10.186.73.50,255.255.255.240,10.186.73.49
42,UPS,10.186.73.51,255.255.255.240,10.186.73.50
42,EBCS,10.186.73.52,255.255.255.240,10.186.73.50
42,SMARC,10.186.73.53,255.255.255.240,10.186.73.50
42,SLA,10.186.73.54,255.255.255.240,10.186.73.49
43,IR829,10.186.81.50,255.255.255.240,10.186.81.49
43,UPS,10.186.81.51,255.255.255.240,10.186.81.50
43,EBCS,10.186.81.52,255.255.255.240,10.186.81.50
43,SMARC,10.186.81.53,255.255.255.240,10.186.81.50
43,SLA,10.186.81.54,255.255.255.240,10.186.81.49
44,IR829,10.186.89.50,255.255.255.240,10.186.89.49
44,UPS,10.186.89.51,255.255.255.240,10.186.89.50
44,EBCS,10.186.89.52,255.255.255.240,10.186.89.50
44,SMARC,10.186.89.53,255.255.255.240,10.186.89.50
44,SLA,10.186.89.54,255.255.255.240,10.186.89.49
45,IR829,10.186.97.50,255.255.255.240,10.186.97.49
45,UPS,10.186.97.51,255.255.255.240,10.186.97.50
45,EBCS,10.186.97.52,255.255.255.240,10.186.97.50
45,SMARC,10.186.97.53,255.255.255.240,10.186.97.50
45,SLA,10.186.97.54,255.255.255.240,10.186.97.49
46,IR829,10.186.105.50,255.255.255.240,10.186.105.49
46,UPS,10.186.105.51,255.255.255.240,10.186.105.50
46,EBCS,10.186.105.52,255.255.255.240,10.186.105.50
46,SMARC,10.186.105.53,255.255.255.240,10.186.105.50
46,SLA,10.186.105.54,255.255.255.240,10.186.105.49
47,IR829,10.186.113.18,255.255.255.240,10.186.113.17
47,UPS,10.186.113.19,255.255.255.240,10.186.113.18
47,EBCS,10.186.113.20,255.255.255.240,10.186.113.18
47,SMARC,10.186.113.21,255.255.255.240,10.186.113.18
47,SLA,10.186.113.22,255.255.255.240,10.186.113.17
48,IR829,10.186.121.50,255.255.255.240,10.186.121.49
48,UPS,10.186.121.51,255.255.255.240,10.186.121.50
48,EBCS,10.186.121.52,255.255.255.240,10.186.121.50
48,SMARC,10.186.121.53,255.255.255.240,10.186.121.50
48,SLA,10.186.121.54,255.255.255.240,10.186.121.49
49,IR829,10.186.129.50,255.255.255.240,10.186.129.49
49,UPS,10.186.129.51,255.255.255.240,10.186.129.50
49,EBCS,10.186.129.52,255.255.255.240,10.186.129.50
49,SMARC,10.186.129.53,255.255.255.240,10.186.129.50
49,SLA,10.186.129.54,255.255.255.240,10.186.129.49
50,IR829,10.186.137.50,255.255.255.240,10.186.137.49
50,UPS,10.186.137.51,255.255.255.240,10.186.137.50
50,EBCS,10.186.137.52,255.255.255.240,10.186.137.50
50,SMARC,10.186.137.53,255.255.255.240,10.186.137.50
50,SLA,10.186.137.54,255.255.255.240,10.186.137.49
51,IR829,10.186.145.50,255.255.255.240,10.186.145.49
51,UPS,10.186.145.51,255.255.255.240,10.186.145.50
51,EBCS,10.186.145.52,255.255.255.240,10.186.145.50
51,SMARC,10.186.145.53,255.255.255.240,10.186.145.50
51,SLA,10.186.145.54,255.255.255.240,10.186.145.49
52,IR829,10.186.153.50,255.255.255.240,10.186.153.49
52,UPS,10.186.153.51,255.255.255.240,10.186.153.50
52,EBCS,10.186.153.52,255.255.255.240,10.186.153.50
52,SMARC,10.186.153.53,255.255.255.240,10.186.153.50
52,SLA,10.186.153.54,255.255.255.240,10.186.153.49
53,IR829,10.186.161.50,255.255.255.240,10.186.161.49
53,UPS,10.186.161.51,255.255.255.240,10.186.161.50
53,EBCS,10.186.161.52,255.255.255.240,10.186.161.50
53,SMARC,10.186.161.53,255.255.255.240,10.186.161.50
53,SLA,10.186.161.54,255.255.255.240,10.186.161.49
54,IR829,10.186.169.50,255.255.255.240,10.186.169.49
54,UPS,10.186.169.51,255.255.255.240,10.186.169.50
54,EBCS,10.186.169.52,255.255.255.240,10.186.169.50
54,SMARC,10.186.169.53,255.255.255.240,10.186.169.50
54,SLA,10.186.169.54,255.255.255.240,10.186.169.49
55,IR829,10.186.177.50,255.255.255.240,10.186.177.49
55,UPS,10.186.177.51,255.255.255.240,10.186.177.50
55,EBCS,10.186.177.52,255.255.255.240,10.186.177.50
55,SMARC,10.186.177.53,255.255.255.240,10.186.177.50
55,SLA,10.186.177.54,255.255.255.240,10.186.177.49
57,IR829,10.188.193.50,255.255.255.240,10.188.193.49
57,UPS,10.188.193.51,255.255.255.240,10.188.193.50
57,EBCS,10.188.193.52,255.255.255.240,10.188.193.50
57,SMARC,10.188.193.53,255.255.255.240,10.188.193.50
57,SLA,10.188.193.54,255.255.255.240,10.188.193.49
59,IR829,10.188.185.18,255.255.255.240,10.188.185.17
59,UPS,10.188.185.19,255.255.255.240,10.188.185.18
59,EBCS,10.188.185.20,255.255.255.240,10.188.185.18
59,SMARC,10.188.185.21,255.255.255.240,10.188.185.18
59,SLA,10.188.185.22,255.255.255.240,10.188.185.17
60,IR829,10.188.177.18,255.255.255.240,10.188.177.17
60,UPS,10.188.177.19,255.255.255.240,10.188.177.18
60,EBCS,10.188.177.20,255.255.255.240,10.188.177.18
60,SMARC,10.188.177.21,255.255.255.240,10.188.177.18
60,SLA,10.188.177.22,255.255.255.240,10.188.177.17
61,IR829,10.188.169.18,255.255.255.240,10.188.169.17
61,UPS,10.188.169.19,255.255.255.240,10.188.169.18
61,EBCS,10.188.169.20,255.255.255.240,10.188.169.18
61,SMARC,10.188.169.21,255.255.255.240,10.188.169.18
61,SLA,10.188.169.22,255.255.255.240,10.188.169.17
62,IR829,10.188.161.18,255.255.255.240,10.188.161.17
62,UPS,10.188.161.19,255.255.255.240,10.188.161.18
62,EBCS,10.188.161.20,255.255.255.240,10.188.161.18
62,SMARC,10.188.161.21,255.255.255.240,10.188.161.18
62,SLA,10.188.161.22,255.255.255.240,10.188.161.17
64,IR829,10.188.145.18,255.255.255.240,10.188.145.17
64,UPS,10.188.145.19,255.255.255.240,10.188.145.18
64,EBCS,10.188.145.20,255.255.255.240,10.188.145.18
64,SMARC,10.188.145.21,255.255.255.240,10.188.145.18
64,SLA,10.188.145.22,255.255.255.240,10.188.145.17
65,IR829,10.188.137.18,255.255.255.240,10.188.137.17
65,UPS,10.188.137.19,255.255.255.240,10.188.137.18
65,EBCS,10.188.137.20,255.255.255.240,10.188.137.18
65,SMARC,10.188.137.21,255.255.255.240,10.188.137.18
65,SLA,10.188.137.22,255.255.255.240,10.188.137.17
66,IR829,10.188.129.18,255.255.255.240,10.188.129.17
66,UPS,10.188.129.19,255.255.255.240,10.188.129.18
66,EBCS,10.188.129.20,255.255.255.240,10.188.129.18
66,SMARC,10.188.129.21,255.255.255.240,10.188.129.18
66,SLA,10.188.129.22,255.255.255.240,10.188.129.17
67,IR829,10.188.121.18,255.255.255.240,10.188.121.17
67,UPS,10.188.121.19,255.255.255.240,10.188.121.18
67,EBCS,10.188.121.20,255.255.255.240,10.188.121.18
67,SMARC,10.188.121.21,255.255.255.240,10.188.121.18
67,SLA,10.188.121.22,255.255.255.240,10.188.121.17
68,IR829,10.188.225.18,255.255.255.240,10.188.225.17
68,UPS,10.188.225.19,255.255.255.240,10.188.225.18
68,EBCS,10.188.225.20,255.255.255.240,10.188.225.18
68,SMARC,10.188.225.21,255.255.255.240,10.188.225.18
68,SLA,10.188.225.22,255.255.255.240,10.188.225.17
69,IR829,10.188.217.18,255.255.255.240,10.188.217.17
69,UPS,10.188.217.19,255.255.255.240,10.188.217.18
69,EBCS,10.188.217.20,255.255.255.240,10.188.217.18
69,SMARC,10.188.217.21,255.255.255.240,10.188.217.18
69,SLA,10.188.217.22,255.255.255.240,10.188.217.17
70,IR829,10.188.209.18,255.255.255.240,10.188.209.17
70,UPS,10.188.209.19,255.255.255.240,10.188.209.18
70,EBCS,10.188.209.20,255.255.255.240,10.188.209.18
70,SMARC,10.188.209.21,255.255.255.240,10.188.209.18
70,SLA,10.188.209.22,255.255.255.240,10.188.209.17
80,IR829,10.154.121.18,255.255.255.240,10.154.121.17
80,UPS,10.154.121.19,255.255.255.240,10.154.121.18
80,EBCS,10.154.121.20,255.255.255.240,10.154.121.18
80,SMARC,10.154.121.21,255.255.255.240,10.154.121.18
80,SLA,10.154.121.22,255.255.255.240,10.154.121.17
81,IR829,10.154.113.18,255.255.255.240,10.154.113.17
81,UPS,10.154.113.19,255.255.255.240,10.154.113.18
81,EBCS,10.154.113.20,255.255.255.240,10.154.113.18
81,SMARC,10.154.113.21,255.255.255.240,10.154.113.18
81,SLA,10.154.113.22,255.255.255.240,10.154.113.17
82,IR829,10.154.105.18,255.255.255.240,10.154.105.17
82,UPS,10.154.105.19,255.255.255.240,10.154.105.18
82,EBCS,10.154.105.20,255.255.255.240,10.154.105.18
82,SMARC,10.154.105.21,255.255.255.240,10.154.105.18
82,SLA,10.154.105.22,255.255.255.240,10.154.105.17
83,IR829,10.154.97.18,255.255.255.240,10.154.97.17
83,UPS,10.154.97.19,255.255.255.240,10.154.97.18
83,EBCS,10.154.97.20,255.255.255.240,10.154.97.18
83,SMARC,10.154.97.21,255.255.255.240,10.154.97.18
83,SLA,10.154.97.22,255.255.255.240,10.154.97.17
84,IR829,10.154.89.18,255.255.255.240,10.154.89.17
84,UPS,10.154.89.19,255.255.255.240,10.154.89.18
84,EBCS,10.154.89.20,255.255.255.240,10.154.89.18
84,SMARC,10.154.89.21,255.255.255.240,10.154.89.18
84,SLA,10.154.89.22,255.255.255.240,10.154.89.17
85,IR829,10.154.81.18,255.255.255.240,10.154.81.17
85,UPS,10.154.81.19,255.255.255.240,10.154.81.18
85,EBCS,10.154.81.20,255.255.255.240,10.154.81.18
85,SMARC,10.154.81.21,255.255.255.240,10.154.81.18
85,SLA,10.154.81.22,255.255.255.240,10.154.81.17
86,IR829,10.154.73.18,255.255.255.240,10.154.73.17
86,UPS,10.154.73.19,255.255.255.240,10.154.73.18
86,EBCS,10.154.73.20,255.255.255.240,10.154.73.18
86,SMARC,10.154.73.21,255.255.255.240,10.154.73.18
86,SLA,10.154.73.22,255.255.255.240,10.154.73.17
87,IR829,10.154.65.18,255.255.255.240,10.154.65.17
87,UPS,10.154.65.19,255.255.255.240,10.154.65.18
87,EBCS,10.154.65.20,255.255.255.240,10.154.65.18
87,SMARC,10.154.65.21,255.255.255.240,10.154.65.18
87,SLA,10.154.65.22,255.255.255.240,10.154.65.17
88,IR829,10.154.57.18,255.255.255.240,10.154.57.17
88,UPS,10.154.57.19,255.255.255.240,10.154.57.18
88,EBCS,10.154.57.20,255.255.255.240,10.154.57.18
88,SMARC,10.154.57.21,255.255.255.240,10.154.57.18
88,SLA,10.154.57.22,255.255.255.240,10.154.57.17
89,IR829,10.154.49.18,255.255.255.240,10.154.49.17
89,UPS,10.154.49.19,255.255.255.240,10.154.49.18
89,EBCS,10.154.49.20,255.255.255.240,10.154.49.18
89,SMARC,10.154.49.21,255.255.255.240,10.154.49.18
89,SLA,10.154.49.22,255.255.255.240,10.154.49.17
90,IR829,10.154.41.18,255.255.255.240,10.154.41.17
90,UPS,10.154.41.19,255.255.255.240,10.154.41.18
90,EBCS,10.154.41.20,255.255.255.240,10.154.41.18
90,SMARC,10.154.41.21,255.255.255.240,10.154.41.18
90,SLA,10.154.41.22,255.255.255.240,10.154.41.17
91,IR829,10.154.33.18,255.255.255.240,10.154.33.17
91,UPS,10.154.33.19,255.255.255.240,10.154.33.18
91,EBCS,10.154.33.20,255.255.255.240,10.154.33.18
91,SMARC,10.154.33.21,255.255.255.240,10.154.33.18
91,SLA,10.154.33.22,255.255.255.240,10.154.33.17
93,IR829,10.178.25.18,255.255.255.240,10.178.25.17
93,UPS,10.178.25.19,255.255.255.240,10.178.25.18
93,EBCS,10.178.25.20,255.255.255.240,10.178.25.18
93,SMARC,10.178.25.21,255.255.255.240,10.178.25.18
93,SLA,10.178.25.22,255.255.255.240,10.178.25.17
94,IR829,10.178.33.18,255.255.255.240,10.178.33.17
94,UPS,10.178.33.19,255.255.255.240,10.178.33.18
94,EBCS,10.178.33.20,255.255.255.240,10.178.33.18
94,SMARC,10.178.33.21,255.255.255.240,10.178.33.18
94,SLA,10.178.33.22,255.255.255.240,10.178.33.17
95,IR829,10.178.41.18,255.255.255.240,10.178.41.17
95,UPS,10.178.41.19,255.255.255.240,10.178.41.18
95,EBCS,10.178.41.20,255.255.255.240,10.178.41.18
95,SMARC,10.178.41.21,255.255.255.240,10.178.41.18
95,SLA,10.178.41.22,255.255.255.240,10.178.41.17
96,IR829,10.178.49.18,255.255.255.240,10.178.49.17
96,UPS,10.178.49.19,255.255.255.240,10.178.49.18
96,EBCS,10.178.49.20,255.255.255.240,10.178.49.18
96,SMARC,10.178.49.21,255.255.255.240,10.178.49.18
96,SLA,10.178.49.22,255.255.255.240,10.178.49.17
97,IR829,10.178.57.50,255.255.255.240,10.178.57.49
97,UPS,10.178.57.51,255.255.255.240,10.178.57.50
97,EBCS,10.178.57.52,255.255.255.240,10.178.57.50
97,SMARC,10.178.57.53,255.255.255.240,10.178.57.50
97,SLA,10.178.57.54,255.255.255.240,10.178.57.49
98,IR829,10.200.9.18,255.255.255.240,10.200.9.17
98,UPS,10.200.9.19,255.255.255.240,10.200.9.18
98,EBCS,10.200.9.20,255.255.255.240,10.200.9.18
98,SMARC,10.200.9.21,255.255.255.240,10.200.9.18
98,SLA,10.200.9.22,255.255.255.240,10.200.9.17
99,IR829,10.200.17.18,255.255.255.240,10.200.17.17
99,UPS,10.200.17.19,255.255.255.240,10.200.17.18
99,EBCS,10.200.17.20,255.255.255.240,10.200.17.18
99,SMARC,10.200.17.21,255.255.255.240,10.200.17.18
99,SLA,10.200.17.22,255.255.255.240,10.200.17.17
100,IR829,10.200.25.18,255.255.255.240,10.200.25.17
100,UPS,10.200.25.19,255.255.255.240,10.200.25.18
100,EBCS,10.200.25.20,255.255.255.240,10.200.25.18
100,SMARC,10.200.25.21,255.255.255.240,10.200.25.18
100,SLA,10.200.25.22,255.255.255.240,10.200.25.17
101,IR829,10.200.33.18,255.255.255.240,10.200.33.17
101,UPS,10.200.33.19,255.255.255.240,10.200.33.18
101,EBCS,10.200.33.20,255.255.255.240,10.200.33.18
101,SMARC,10.200.33.21,255.255.255.240,10.200.33.18
101,SLA,10.200.33.22,255.255.255.240,10.200.33.17
108,IR829,10.200.89.18,255.255.255.240,10.200.89.17
108,UPS,10.200.89.19,255.255.255.240,10.200.89.18
108,EBCS,10.200.89.20,255.255.255.240,10.200.89.18
108,SMARC,10.200.89.21,255.255.255.240,10.200.89.18
108,SLA,10.200.89.22,255.255.255.240,10.200.89.17
109,IR829,10.200.81.18,255.255.255.240,10.200.81.17
109,UPS,10.200.81.19,255.255.255.240,10.200.81.18
109,EBCS,10.200.81.20,255.255.255.240,10.200.81.18
109,SMARC,10.200.81.21,255.255.255.240,10.200.81.18
109,SLA,10.200.81.22,255.255.255.240,10.200.81.17
110,IR829,10.200.73.18,255.255.255.240,10.200.73.17
110,UPS,10.200.73.19,255.255.255.240,10.200.73.18
110,EBCS,10.200.73.20,255.255.255.240,10.200.73.18
110,SMARC,10.200.73.21,255.255.255.240,10.200.73.18
110,SLA,10.200.73.22,255.255.255.240,10.200.73.17
111,IR829,10.200.65.18,255.255.255.240,10.200.65.17
111,UPS,10.200.65.19,255.255.255.240,10.200.65.18
111,EBCS,10.200.65.20,255.255.255.240,10.200.65.18
111,SMARC,10.200.65.21,255.255.255.240,10.200.65.18
111,SLA,10.200.65.22,255.255.255.240,10.200.65.17
113,IR829,10.200.49.18,255.255.255.240,10.200.49.17
113,UPS,10.200.49.19,255.255.255.240,10.200.49.18
113,EBCS,10.200.49.20,255.255.255.240,10.200.49.18
113,SMARC,10.200.49.21,255.255.255.240,10.200.49.18
113,SLA,10.200.49.22,255.255.255.240,10.200.49.17
114,IR829,10.200.41.18,255.255.255.240,10.200.41.17
114,UPS,10.200.41.19,255.255.255.240,10.200.41.18
114,EBCS,10.200.41.20,255.255.255.240,10.200.41.18
114,SMARC,10.200.41.21,255.255.255.240,10.200.41.18
114,SLA,10.200.41.22,255.255.255.240,10.200.41.17
141,IR829,10.184.145.18,255.255.255.240,10.184.145.17
141,UPS,10.184.145.19,255.255.255.240,10.184.145.18
141,EBCS,10.184.145.20,255.255.255.240,10.184.145.18
141,SMARC,10.184.145.21,255.255.255.240,10.184.145.18
141,SLA,10.184.145.22,255.255.255.240,10.184.145.17
142,IR829,10.184.153.18,255.255.255.240,10.184.153.17
142,UPS,10.184.153.19,255.255.255.240,10.184.153.18
142,EBCS,10.184.153.20,255.255.255.240,10.184.153.18
142,SMARC,10.184.153.21,255.255.255.240,10.184.153.18
142,SLA,10.184.153.22,255.255.255.240,10.184.153.17
143,IR829,10.214.161.18,255.255.255.240,10.214.161.17
143,UPS,10.214.161.19,255.255.255.240,10.214.161.18
143,EBCS,10.214.161.20,255.255.255.240,10.214.161.18
143,SMARC,10.214.161.21,255.255.255.240,10.214.161.18
143,SLA,10.214.161.22,255.255.255.240,10.214.161.17
144,IR829,10.214.169.18,255.255.255.240,10.214.169.17
144,UPS,10.214.169.19,255.255.255.240,10.214.169.18
144,EBCS,10.214.169.20,255.255.255.240,10.214.169.18
144,SMARC,10.214.169.21,255.255.255.240,10.214.169.18
144,SLA,10.214.169.22,255.255.255.240,10.214.169.17
145,IR829,10.214.177.18,255.255.255.240,10.214.177.17
145,UPS,10.214.177.19,255.255.255.240,10.214.177.18
145,EBCS,10.214.177.20,255.255.255.240,10.214.177.18
145,SMARC,10.214.177.21,255.255.255.240,10.214.177.18
145,SLA,10.214.177.22,255.255.255.240,10.214.177.17
147,IR829,10.214.195.2,255.255.255.240,10.214.195.1
147,UPS,10.214.195.3,255.255.255.240,10.214.195.2
147,EBCS,10.214.195.4,255.255.255.240,10.214.195.2
147,SMARC,10.214.195.5,255.255.255.240,10.214.195.2
147,SLA,10.214.195.6,255.255.255.240,10.214.195.1
149,IR829,10.214.201.18,255.255.255.240,10.214.201.17
149,UPS,10.214.201.19,255.255.255.240,10.214.201.18
149,EBCS,10.214.201.20,255.255.255.240,10.214.201.18
149,SMARC,10.214.201.21,255.255.255.240,10.214.201.18
149,SLA,10.214.201.22,255.255.255.240,10.214.201.17
150,IR829,10.214.209.18,255.255.255.240,10.214.209.17
150,UPS,10.214.209.19,255.255.255.240,10.214.209.18
150,EBCS,10.214.209.20,255.255.255.240,10.214.209.18
150,SMARC,10.214.209.21,255.255.255.240,10.214.209.18
150,SLA,10.214.209.22,255.255.255.240,10.214.209.17
151,IR829,10.214.217.18,255.255.255.240,10.214.217.17
151,UPS,10.214.217.19,255.255.255.240,10.214.217.18
151,EBCS,10.214.217.20,255.255.255.240,10.214.217.18
151,SMARC,10.214.217.21,255.255.255.240,10.214.217.18
151,SLA,10.214.217.22,255.255.255.240,10.214.217.17
152,IR829,10.214.225.18,255.255.255.240,10.214.225.17
152,UPS,10.214.225.19,255.255.255.240,10.214.225.18
152,EBCS,10.214.225.20,255.255.255.240,10.214.225.18
152,SMARC,10.214.225.21,255.255.255.240,10.214.225.18
152,SLA,10.214.225.22,255.255.255.240,10.214.225.17
153,IR829,10.214.233.50,255.255.255.240,10.214.233.49
153,UPS,10.214.233.51,255.255.255.240,10.214.233.50
153,EBCS,10.214.233.52,255.255.255.240,10.214.233.50
153,SMARC,10.214.233.53,255.255.255.240,10.214.233.50
153,SLA,10.214.233.54,255.255.255.240,10.214.233.49
154,IR829,10.215.17.18,255.255.255.240,10.215.17.17
154,UPS,10.215.17.19,255.255.255.240,10.215.17.18
154,EBCS,10.215.17.20,255.255.255.240,10.215.17.18
154,SMARC,10.215.17.21,255.255.255.240,10.215.17.18
154,SLA,10.215.17.22,255.255.255.240,10.215.17.17
155,IR829,10.215.25.18,255.255.255.240,10.215.25.17
155,UPS,10.215.25.19,255.255.255.240,10.215.25.18
155,EBCS,10.215.25.20,255.255.255.240,10.215.25.18
155,SMARC,10.215.25.21,255.255.255.240,10.215.25.18
155,SLA,10.215.25.22,255.255.255.240,10.215.25.17
156,IR829,10.215.33.18,255.255.255.240,10.215.33.17
156,UPS,10.215.33.19,255.255.255.240,10.215.33.18
156,EBCS,10.215.33.20,255.255.255.240,10.215.33.18
156,SMARC,10.215.33.21,255.255.255.240,10.215.33.18
156,SLA,10.215.33.22,255.255.255.240,10.215.33.17
157,IR829,10.215.41.18,255.255.255.240,10.215.41.17
157,UPS,10.215.41.19,255.255.255.240,10.215.41.18
157,EBCS,10.215.41.20,255.255.255.240,10.215.41.18
157,SMARC,10.215.41.21,255.255.255.240,10.215.41.18
157,SLA,10.215.41.22,255.255.255.240,10.215.41.17
158,IR829,10.215.49.18,255.255.255.240,10.215.49.17
158,UPS,10.215.49.19,255.255.255.240,10.215.49.18
158,EBCS,10.215.49.20,255.255.255.240,10.215.49.18
158,SMARC,10.215.49.21,255.255.255.240,10.215.49.18
158,SLA,10.215.49.22,255.255.255.240,10.215.49.17
159,IR829,10.215.57.18,255.255.255.240,10.215.57.17
159,UPS,10.215.57.19,255.255.255.240,10.215.57.18
159,EBCS,10.215.57.20,255.255.255.240,10.215.57.18
159,SMARC,10.215.57.21,255.255.255.240,10.215.57.18
159,SLA,10.215.57.22,255.255.255.240,10.215.57.17
160,IR829,10.215.65.18,255.255.255.240,10.215.65.17
160,UPS,10.215.65.19,255.255.255.240,10.215.65.18
160,EBCS,10.215.65.20,255.255.255.240,10.215.65.18
160,SMARC,10.215.65.21,255.255.255.240,10.215.65.18
160,SLA,10.215.65.22,255.255.255.240,10.215.65.17
162,IR829,10.218.17.18,255.255.255.240,10.218.17.17
162,UPS,10.218.17.19,255.255.255.240,10.218.17.18
162,EBCS,10.218.17.20,255.255.255.240,10.218.17.18
162,SMARC,10.218.17.21,255.255.255.240,10.218.17.18
162,SLA,10.218.17.22,255.255.255.240,10.218.17.17
163,IR829,10.218.25.130,255.255.255.224,10.218.25.129
163,UPS,10.218.25.131,255.255.255.224,10.218.25.130
163,EBCS,10.218.25.132,255.255.255.224,10.218.25.130
163,SMARC,10.218.25.133,255.255.255.224,10.218.25.130
163,SLA,10.218.25.134,255.255.255.224,10.218.25.129
164,IR829,10.218.33.98,255.255.255.224,10.218.33.97
164,UPS,10.218.33.99,255.255.255.224,10.218.33.98
164,EBCS,10.218.33.100,255.255.255.224,10.218.33.98
164,SMARC,10.218.33.101,255.255.255.224,10.218.33.98
164,SLA,10.218.33.102,255.255.255.224,10.218.33.97
165,IR829,10.218.49.18,255.255.255.240,10.218.49.17
165,UPS,10.218.49.19,255.255.255.240,10.218.49.18
165,EBCS,10.218.49.20,255.255.255.240,10.218.49.18
165,SMARC,10.218.49.21,255.255.255.240,10.218.49.18
165,SLA,10.218.49.22,255.255.255.240,10.218.49.17
166,IR829,10.218.65.2,255.255.255.224,10.218.65.1
166,UPS,10.218.65.3,255.255.255.224,10.218.65.2
166,EBCS,10.218.65.4,255.255.255.224,10.218.65.2
166,SMARC,10.218.65.5,255.255.255.224,10.218.65.2
166,SLA,10.218.65.6,255.255.255.224,10.218.65.1
167,IR829,10.166.17.18,255.255.255.240,10.166.17.17
167,UPS,10.166.17.19,255.255.255.240,10.166.17.18
167,EBCS,10.166.17.20,255.255.255.240,10.166.17.18
167,SMARC,10.166.17.21,255.255.255.240,10.166.17.18
167,SLA,10.166.17.22,255.255.255.240,10.166.17.17
168,IR829,10.166.25.50,255.255.255.240,10.166.25.49
168,UPS,10.166.25.51,255.255.255.240,10.166.25.50
168,EBCS,10.166.25.52,255.255.255.240,10.166.25.50
168,SMARC,10.166.25.53,255.255.255.240,10.166.25.50
168,SLA,10.166.25.54,255.255.255.240,10.166.25.49
169,IR829,10.166.33.50,255.255.255.240,10.166.33.49
169,UPS,10.166.33.51,255.255.255.240,10.166.33.50
169,EBCS,10.166.33.52,255.255.255.240,10.166.33.50
169,SMARC,10.166.33.53,255.255.255.240,10.166.33.50
169,SLA,10.166.33.54,255.255.255.240,10.166.33.49
170,IR829,10.166.41.34,255.255.255.224,10.166.41.33
170,UPS,10.166.41.35,255.255.255.224,10.166.41.34
170,EBCS,10.166.41.36,255.255.255.224,10.166.41.34
170,SMARC,10.166.41.37,255.255.255.224,10.166.41.34
170,SLA,10.166.41.38,255.255.255.224,10.166.41.33
173,IR829,10.166.57.50,255.255.255.240,10.166.57.49
173,UPS,10.166.57.51,255.255.255.240,10.166.57.50
173,EBCS,10.166.57.52,255.255.255.240,10.166.57.50
173,SMARC,10.166.57.53,255.255.255.240,10.166.57.50
173,SLA,10.166.57.54,255.255.255.240,10.166.57.49
174,IR829,10.164.10.66,255.255.255.240,10.164.10.65
174,UPS,10.164.10.67,255.255.255.240,10.164.10.66
174,EBCS,10.164.10.68,255.255.255.240,10.164.10.66
174,SMARC,10.164.10.69,255.255.255.240,10.164.10.66
174,SLA,10.164.10.70,255.255.255.240,10.164.10.65
176,IR829,10.176.25.50,255.255.255.240,10.176.25.49
176,UPS,10.176.25.51,255.255.255.240,10.176.25.50
176,EBCS,10.176.25.52,255.255.255.240,10.176.25.50
176,SMARC,10.176.25.53,255.255.255.240,10.176.25.50
176,SLA,10.176.25.54,255.255.255.240,10.176.25.49
177,IR829,10.176.33.50,255.255.255.240,10.176.33.49
177,UPS,10.176.33.51,255.255.255.240,10.176.33.50
177,EBCS,10.176.33.52,255.255.255.240,10.176.33.50
177,SMARC,10.176.33.53,255.255.255.240,10.176.33.50
177,SLA,10.176.33.54,255.255.255.240,10.176.33.49
178,IR829,10.184.129.130,255.255.255.224,10.184.129.129
178,UPS,10.184.129.131,255.255.255.224,10.184.129.130
178,EBCS,10.184.129.132,255.255.255.224,10.184.129.130
178,SMARC,10.184.129.133,255.255.255.224,10.184.129.130
178,SLA,10.184.129.134,255.255.255.224,10.184.129.129
179,IR829,10.176.41.50,255.255.255.240,10.176.41.49
179,UPS,10.176.41.51,255.255.255.240,10.176.41.50
179,EBCS,10.176.41.52,255.255.255.240,10.176.41.50
179,SMARC,10.176.41.53,255.255.255.240,10.176.41.50
179,SLA,10.176.41.54,255.255.255.240,10.176.41.49
180,IR829,10.184.121.50,255.255.255.240,10.184.121.49
180,UPS,10.184.121.51,255.255.255.240,10.184.121.50
180,EBCS,10.184.121.52,255.255.255.240,10.184.121.50
180,SMARC,10.184.121.53,255.255.255.240,10.184.121.50
180,SLA,10.184.121.54,255.255.255.240,10.184.121.49
181,IR829,10.176.49.50,255.255.255.240,10.176.49.49
181,UPS,10.176.49.51,255.255.255.240,10.176.49.50
181,EBCS,10.176.49.52,255.255.255.240,10.176.49.50
181,SMARC,10.176.49.53,255.255.255.240,10.176.49.50
181,SLA,10.176.49.54,255.255.255.240,10.176.49.49
182,IR829,10.184.113.50,255.255.255.240,10.184.113.49
182,UPS,10.184.113.51,255.255.255.240,10.184.113.50
182,EBCS,10.184.113.52,255.255.255.240,10.184.113.50
182,SMARC,10.184.113.53,255.255.255.240,10.184.113.50
182,SLA,10.184.113.54,255.255.255.240,10.184.113.49
183,IR829,10.176.57.50,255.255.255.240,10.176.57.49
183,UPS,10.176.57.51,255.255.255.240,10.176.57.50
183,EBCS,10.176.57.52,255.255.255.240,10.176.57.50
183,SMARC,10.176.57.53,255.255.255.240,10.176.57.50
183,SLA,10.176.57.54,255.255.255.240,10.176.57.49
184,IR829,10.176.65.34,255.255.255.224,10.176.65.33
184,UPS,10.176.65.35,255.255.255.224,10.176.65.34
184,EBCS,10.176.65.36,255.255.255.224,10.176.65.34
184,SMARC,10.176.65.37,255.255.255.224,10.176.65.34
184,SLA,10.176.65.38,255.255.255.224,10.176.65.33
185,IR829,10.182.17.50,255.255.255.240,10.182.17.49
185,UPS,10.182.17.51,255.255.255.240,10.182.17.50
185,EBCS,10.182.17.52,255.255.255.240,10.182.17.50
185,SMARC,10.182.17.53,255.255.255.240,10.182.17.50
185,SLA,10.182.17.54,255.255.255.240,10.182.17.49
186,IR829,10.182.25.50,255.255.255.240,10.182.25.49
186,UPS,10.182.25.51,255.255.255.240,10.182.25.50
186,EBCS,10.182.25.52,255.255.255.240,10.182.25.50
186,SMARC,10.182.25.53,255.255.255.240,10.182.25.50
186,SLA,10.182.25.54,255.255.255.240,10.182.25.49
187,IR829,10.182.33.50,255.255.255.240,10.182.33.49
187,UPS,10.182.33.51,255.255.255.240,10.182.33.50
187,EBCS,10.182.33.52,255.255.255.240,10.182.33.50
187,SMARC,10.182.33.53,255.255.255.240,10.182.33.50
187,SLA,10.182.33.54,255.255.255.240,10.182.33.49
188,IR829,10.182.41.50,255.255.255.240,10.182.41.49
188,UPS,10.182.41.51,255.255.255.240,10.182.41.50
188,EBCS,10.182.41.52,255.255.255.240,10.182.41.50
188,SMARC,10.182.41.53,255.255.255.240,10.182.41.50
188,SLA,10.182.41.54,255.255.255.240,10.182.41.49
204,IR829,10.182.137.50,255.255.255.240,10.182.137.49
204,UPS,10.182.137.51,255.255.255.240,10.182.137.50
204,EBCS,10.182.137.52,255.255.255.240,10.182.137.50
204,SMARC,10.182.137.53,255.255.255.240,10.182.137.50
204,SLA,10.182.137.54,255.255.255.240,10.182.137.49
205,IR829,10.182.145.50,255.255.255.240,10.182.145.49
205,UPS,10.182.145.51,255.255.255.240,10.182.145.50
205,EBCS,10.182.145.52,255.255.255.240,10.182.145.50
205,SMARC,10.182.145.53,255.255.255.240,10.182.145.50
205,SLA,10.182.145.54,255.255.255.240,10.182.145.49
206,IR829,10.182.153.18,255.255.255.240,10.182.153.17
206,UPS,10.182.153.19,255.255.255.240,10.182.153.18
206,EBCS,10.182.153.20,255.255.255.240,10.182.153.18
206,SMARC,10.182.153.21,255.255.255.240,10.182.153.18
206,SLA,10.182.153.22,255.255.255.240,10.182.153.17
207,IR829,10.182.161.18,255.255.255.240,10.182.161.17
207,UPS,10.182.161.19,255.255.255.240,10.182.161.18
207,EBCS,10.182.161.20,255.255.255.240,10.182.161.18
207,SMARC,10.182.161.21,255.255.255.240,10.182.161.18
207,SLA,10.182.161.22,255.255.255.240,10.182.161.17
208,IR829,10.184.217.18,255.255.255.240,10.184.217.17
208,UPS,10.184.217.19,255.255.255.240,10.184.217.18
208,EBCS,10.184.217.20,255.255.255.240,10.184.217.18
208,SMARC,10.184.217.21,255.255.255.240,10.184.217.18
208,SLA,10.184.217.22,255.255.255.240,10.184.217.17
209,IR829,10.184.73.18,255.255.255.240,10.184.73.17
209,UPS,10.184.73.19,255.255.255.240,10.184.73.18
209,EBCS,10.184.73.20,255.255.255.240,10.184.73.18
209,SMARC,10.184.73.21,255.255.255.240,10.184.73.18
209,SLA,10.184.73.22,255.255.255.240,10.184.73.17
223,IR829,10.191.1.50,255.255.255.240,10.191.1.49
223,UPS,10.191.1.51,255.255.255.240,10.191.1.50
223,EBCS,10.191.1.52,255.255.255.240,10.191.1.50
223,SMARC,10.191.1.53,255.255.255.240,10.191.1.50
223,SLA,10.191.1.54,255.255.255.240,10.191.1.49
224,IR829,10.196.41.18,255.255.255.240,10.196.41.17
224,UPS,10.196.41.19,255.255.255.240,10.196.41.18
224,EBCS,10.196.41.20,255.255.255.240,10.196.41.18
224,SMARC,10.196.41.21,255.255.255.240,10.196.41.18
224,SLA,10.196.41.22,255.255.255.240,10.196.41.17
225,IR829,10.220.18.34,255.255.255.240,10.220.18.33
225,UPS,10.220.18.35,255.255.255.240,10.220.18.34
225,EBCS,10.220.18.36,255.255.255.240,10.220.18.34
225,SMARC,10.220.18.37,255.255.255.240,10.220.18.34
225,SLA,10.220.18.38,255.255.255.240,10.220.18.33
226,IR829,10.196.49.18,255.255.255.240,10.196.49.17
226,UPS,10.196.49.19,255.255.255.240,10.196.49.18
226,EBCS,10.196.49.20,255.255.255.240,10.196.49.18
226,SMARC,10.196.49.21,255.255.255.240,10.196.49.18
226,SLA,10.196.49.22,255.255.255.240,10.196.49.17
227,IR829,10.220.26.66,255.255.255.224,10.220.26.65
227,UPS,10.220.26.67,255.255.255.224,10.220.26.66
227,EBCS,10.220.26.68,255.255.255.224,10.220.26.66
227,SMARC,10.220.26.69,255.255.255.224,10.220.26.66
227,SLA,10.220.26.70,255.255.255.224,10.220.26.65
228,IR829,10.196.57.66,255.255.255.240,10.196.57.65
228,UPS,10.196.57.67,255.255.255.240,10.196.57.66
228,EBCS,10.196.57.68,255.255.255.240,10.196.57.66
228,SMARC,10.196.57.69,255.255.255.240,10.196.57.66
228,SLA,10.196.57.70,255.255.255.240,10.196.57.65
229,IR829,10.196.65.114,255.255.255.240,10.196.65.113
229,UPS,10.196.65.115,255.255.255.240,10.196.65.114
229,EBCS,10.196.65.116,255.255.255.240,10.196.65.114
229,SMARC,10.196.65.117,255.255.255.240,10.196.65.114
229,SLA,10.196.65.118,255.255.255.240,10.196.65.113
230,IR829,10.222.57.50,255.255.255.240,10.222.57.49
230,UPS,10.222.57.51,255.255.255.240,10.222.57.50
230,EBCS,10.222.57.52,255.255.255.240,10.222.57.50
230,SMARC,10.222.57.53,255.255.255.240,10.222.57.50
230,SLA,10.222.57.54,255.255.255.240,10.222.57.49
231,IR829,10.160.33.18,255.255.255.240,10.160.33.17
231,UPS,10.160.33.19,255.255.255.240,10.160.33.18
231,EBCS,10.160.33.20,255.255.255.240,10.160.33.18
231,SMARC,10.160.33.21,255.255.255.240,10.160.33.18
231,SLA,10.160.33.22,255.255.255.240,10.160.33.17
232,IR829,10.198.25.18,255.255.255.240,10.198.25.17
232,UPS,10.198.25.19,255.255.255.240,10.198.25.18
232,EBCS,10.198.25.20,255.255.255.240,10.198.25.18
232,SMARC,10.198.25.21,255.255.255.240,10.198.25.18
232,SLA,10.198.25.22,255.255.255.240,10.198.25.17
233,IR829,10.198.17.18,255.255.255.240,10.198.17.17
233,UPS,10.198.17.19,255.255.255.240,10.198.17.18
233,EBCS,10.198.17.20,255.255.255.240,10.198.17.18
233,SMARC,10.198.17.21,255.255.255.240,10.198.17.18
233,SLA,10.198.17.22,255.255.255.240,10.198.17.17
234,IR829,10.168.25.18,255.255.255.240,10.168.25.17
234,UPS,10.168.25.19,255.255.255.240,10.168.25.18
234,EBCS,10.168.25.20,255.255.255.240,10.168.25.18
234,SMARC,10.168.25.21,255.255.255.240,10.168.25.18
234,SLA,10.168.25.22,255.255.255.240,10.168.25.17
235,IR829,10.168.17.18,255.255.255.240,10.168.17.17
235,UPS,10.168.17.19,255.255.255.240,10.168.17.18
235,EBCS,10.168.17.20,255.255.255.240,10.168.17.18
235,SMARC,10.168.17.21,255.255.255.240,10.168.17.18
235,SLA,10.168.17.22,255.255.255.240,10.168.17.17
236,IR829,10.174.17.50,255.255.255.240,10.174.17.49
236,UPS,10.174.17.51,255.255.255.240,10.174.17.50
236,EBCS,10.174.17.52,255.255.255.240,10.174.17.50
236,SMARC,10.174.17.53,255.255.255.240,10.174.17.50
236,SLA,10.174.17.54,255.255.255.240,10.174.17.49
237,IR829,10.174.9.50,255.255.255.240,10.174.9.49
237,UPS,10.174.9.51,255.255.255.240,10.174.9.50
237,EBCS,10.174.9.52,255.255.255.240,10.174.9.50
237,SMARC,10.174.9.53,255.255.255.240,10.174.9.50
237,SLA,10.174.9.54,255.255.255.240,10.174.9.49
238,IR829,10.190.129.50,255.255.255.240,10.190.129.49
238,UPS,10.190.129.51,255.255.255.240,10.190.129.50
238,EBCS,10.190.129.52,255.255.255.240,10.190.129.50
238,SMARC,10.190.129.53,255.255.255.240,10.190.129.50
238,SLA,10.190.129.54,255.255.255.240,10.190.129.49
239,IR829,10.190.121.50,255.255.255.240,10.190.121.49
239,UPS,10.190.121.51,255.255.255.240,10.190.121.50
239,EBCS,10.190.121.52,255.255.255.240,10.190.121.50
239,SMARC,10.190.121.53,255.255.255.240,10.190.121.50
239,SLA,10.190.121.54,255.255.255.240,10.190.121.49
240,IR829,10.190.113.50,255.255.255.240,10.190.113.49
240,UPS,10.190.113.51,255.255.255.240,10.190.113.50
240,EBCS,10.190.113.52,255.255.255.240,10.190.113.50
240,SMARC,10.190.113.53,255.255.255.240,10.190.113.50
240,SLA,10.190.113.54,255.255.255.240,10.190.113.49
241,IR829,10.190.105.50,255.255.255.240,10.190.105.49
241,UPS,10.190.105.51,255.255.255.240,10.190.105.50
241,EBCS,10.190.105.52,255.255.255.240,10.190.105.50
241,SMARC,10.190.105.53,255.255.255.240,10.190.105.50
241,SLA,10.190.105.54,255.255.255.240,10.190.105.49
242,IR829,10.190.97.50,255.255.255.240,10.190.97.49
242,UPS,10.190.97.51,255.255.255.240,10.190.97.50
242,EBCS,10.190.97.52,255.255.255.240,10.190.97.50
242,SMARC,10.190.97.53,255.255.255.240,10.190.97.50
242,SLA,10.190.97.54,255.255.255.240,10.190.97.49
243,IR829,10.190.89.49,255.255.255.240,10.190.89.48
243,UPS,10.190.89.50,255.255.255.240,10.190.89.49
243,EBCS,10.190.89.51,255.255.255.240,10.190.89.49
243,SMARC,10.190.89.52,255.255.255.240,10.190.89.49
243,SLA,10.190.89.53,255.255.255.240,10.190.89.48
254,IR829,10.154.161.2,255.255.255.240,10.154.161.1
254,UPS,10.154.161.3,255.255.255.240,10.154.161.2
254,EBCS,10.154.161.4,255.255.255.240,10.154.161.2
254,SMARC,10.154.161.5,255.255.255.240,10.154.161.2
254,SLA,10.154.161.6,255.255.255.240,10.154.161.1
255,IR829,10.154.153.18,255.255.255.240,10.154.153.17
255,UPS,10.154.153.19,255.255.255.240,10.154.153.18
255,EBCS,10.154.153.20,255.255.255.240,10.154.153.18
255,SMARC,10.154.153.21,255.255.255.240,10.154.153.18
255,SLA,10.154.153.22,255.255.255.240,10.154.153.17
256,IR829,10.154.145.2,255.255.255.240,10.154.145.1
256,UPS,10.154.145.3,255.255.255.240,10.154.145.2
256,EBCS,10.154.145.4,255.255.255.240,10.154.145.2
256,SMARC,10.154.145.5,255.255.255.240,10.154.145.2
256,SLA,10.154.145.6,255.255.255.240,10.154.145.1
257,IR829,10.154.137.18,255.255.255.240,10.154.137.17
257,UPS,10.154.137.19,255.255.255.240,10.154.137.18
257,EBCS,10.154.137.20,255.255.255.240,10.154.137.18
257,SMARC,10.154.137.21,255.255.255.240,10.154.137.18
257,SLA,10.154.137.22,255.255.255.240,10.154.137.17
258,IR829,10.154.129.18,255.255.255.240,10.154.129.17
258,UPS,10.154.129.19,255.255.255.240,10.154.129.18
258,EBCS,10.154.129.20,255.255.255.240,10.154.129.18
258,SMARC,10.154.129.21,255.255.255.240,10.154.129.18
258,SLA,10.154.129.22,255.255.255.240,10.154.129.17
259,IR829,10.154.25.98,255.255.255.240,10.154.25.97
259,UPS,10.154.25.99,255.255.255.240,10.154.25.98
259,EBCS,10.154.25.100,255.255.255.240,10.154.25.98
259,SMARC,10.154.25.101,255.255.255.240,10.154.25.98
259,SLA,10.154.25.102,255.255.255.240,10.154.25.97
260,IR829,10.192.65.2,255.255.255.240,10.192.65.1
260,UPS,10.192.65.3,255.255.255.240,10.192.65.2
260,EBCS,10.192.65.4,255.255.255.240,10.192.65.2
260,SMARC,10.192.65.5,255.255.255.240,10.192.65.2
260,SLA,10.192.65.6,255.255.255.240,10.192.65.1
261,IR829,10.192.57.2,255.255.255.240,10.192.57.1
261,UPS,10.192.57.3,255.255.255.240,10.192.57.2
261,EBCS,10.192.57.4,255.255.255.240,10.192.57.2
261,SMARC,10.192.57.5,255.255.255.240,10.192.57.2
261,SLA,10.192.57.6,255.255.255.240,10.192.57.1
262,IR829,10.192.49.2,255.255.255.240,10.192.49.1
262,UPS,10.192.49.3,255.255.255.240,10.192.49.2
262,EBCS,10.192.49.4,255.255.255.240,10.192.49.2
262,SMARC,10.192.49.5,255.255.255.240,10.192.49.2
262,SLA,10.192.49.6,255.255.255.240,10.192.49.1
263,IR829,10.192.41.18,255.255.255.240,10.192.41.17
263,UPS,10.192.41.19,255.255.255.240,10.192.41.18
263,EBCS,10.192.41.20,255.255.255.240,10.192.41.18
263,SMARC,10.192.41.21,255.255.255.240,10.192.41.18
263,SLA,10.192.41.22,255.255.255.240,10.192.41.17
264,IR829,10.192.33.2,255.255.255.240,10.192.33.1
264,UPS,10.192.33.3,255.255.255.240,10.192.33.2
264,EBCS,10.192.33.4,255.255.255.240,10.192.33.2
264,SMARC,10.192.33.5,255.255.255.240,10.192.33.2
264,SLA,10.192.33.6,255.255.255.240,10.192.33.1
265,IR829,10.192.25.2,255.255.255.240,10.192.25.1
265,UPS,10.192.25.3,255.255.255.240,10.192.25.2
265,EBCS,10.192.25.4,255.255.255.240,10.192.25.2
265,SMARC,10.192.25.5,255.255.255.240,10.192.25.2
265,SLA,10.192.25.6,255.255.255.240,10.192.25.1
266,IR829,10.192.17.18,255.255.255.240,10.192.17.17
266,UPS,10.192.17.19,255.255.255.240,10.192.17.18
266,EBCS,10.192.17.20,255.255.255.240,10.192.17.18
266,SMARC,10.192.17.21,255.255.255.240,10.192.17.18
266,SLA,10.192.17.22,255.255.255.240,10.192.17.17
268,IR829,10.194.25.2,255.255.255.240,10.194.25.1
268,UPS,10.194.25.3,255.255.255.240,10.194.25.2
268,EBCS,10.194.25.4,255.255.255.240,10.194.25.2
268,SMARC,10.194.25.5,255.255.255.240,10.194.25.2
268,SLA,10.194.25.6,255.255.255.240,10.194.25.1
269,IR829,10.194.33.2,255.255.255.240,10.194.33.1
269,UPS,10.194.33.3,255.255.255.240,10.194.33.2
269,EBCS,10.194.33.4,255.255.255.240,10.194.33.2
269,SMARC,10.194.33.5,255.255.255.240,10.194.33.2
269,SLA,10.194.33.6,255.255.255.240,10.194.33.1
270,IR829,10.194.41.2,255.255.255.240,10.194.41.1
270,UPS,10.194.41.3,255.255.255.240,10.194.41.2
270,EBCS,10.194.41.4,255.255.255.240,10.194.41.2
270,SMARC,10.194.41.5,255.255.255.240,10.194.41.2
270,SLA,10.194.41.6,255.255.255.240,10.194.41.1
271,IR829,10.194.49.2,255.255.255.240,10.194.49.1
271,UPS,10.194.49.3,255.255.255.240,10.194.49.2
271,EBCS,10.194.49.4,255.255.255.240,10.194.49.2
271,SMARC,10.194.49.5,255.255.255.240,10.194.49.2
271,SLA,10.194.49.6,255.255.255.240,10.194.49.1
272,IR829,10.194.57.2,255.255.255.240,10.194.57.1
272,UPS,10.194.57.3,255.255.255.240,10.194.57.2
272,EBCS,10.194.57.4,255.255.255.240,10.194.57.2
272,SMARC,10.194.57.5,255.255.255.240,10.194.57.2
272,SLA,10.194.57.6,255.255.255.240,10.194.57.1
273,IR829,10.194.65.66,255.255.255.240,10.194.65.65
273,UPS,10.194.65.67,255.255.255.240,10.194.65.66
273,EBCS,10.194.65.68,255.255.255.240,10.194.65.66
273,SMARC,10.194.65.69,255.255.255.240,10.194.65.66
273,SLA,10.194.65.70,255.255.255.240,10.194.65.65
274,IR829,10.212.17.34,255.255.255.240,10.212.17.33
274,UPS,10.212.17.35,255.255.255.240,10.212.17.34
274,EBCS,10.212.17.36,255.255.255.240,10.212.17.34
274,SMARC,10.212.17.37,255.255.255.240,10.212.17.34
274,SLA,10.212.17.38,255.255.255.240,10.212.17.33
275,IR829,10.212.25.18,255.255.255.240,10.212.25.17
275,UPS,10.212.25.19,255.255.255.240,10.212.25.18
275,EBCS,10.212.25.20,255.255.255.240,10.212.25.18
275,SMARC,10.212.25.21,255.255.255.240,10.212.25.18
275,SLA,10.212.25.22,255.255.255.240,10.212.25.17
276,IR829,10.212.35.2,255.255.255.240,10.212.35.1
276,UPS,10.212.35.3,255.255.255.240,10.212.35.2
276,EBCS,10.212.35.4,255.255.255.240,10.212.35.2
276,SMARC,10.212.35.5,255.255.255.240,10.212.35.2
276,SLA,10.212.35.6,255.255.255.240,10.212.35.1
277,IR829,10.212.43.2,255.255.255.240,10.212.43.1
277,UPS,10.212.43.3,255.255.255.240,10.212.43.2
277,EBCS,10.212.43.4,255.255.255.240,10.212.43.2
277,SMARC,10.212.43.5,255.255.255.240,10.212.43.2
277,SLA,10.212.43.6,255.255.255.240,10.212.43.1
278,IR829,10.154.193.50,255.255.255.240,10.154.193.49
278,UPS,10.154.193.51,255.255.255.240,10.154.193.50
278,EBCS,10.154.193.52,255.255.255.240,10.154.193.50
278,SMARC,10.154.193.53,255.255.255.240,10.154.193.50
278,SLA,10.154.193.54,255.255.255.240,10.154.193.49
279,IR829,10.154.178.2,255.255.255.240,10.154.178.1
279,UPS,10.154.178.3,255.255.255.240,10.154.178.2
279,EBCS,10.154.178.4,255.255.255.240,10.154.178.2
279,SMARC,10.154.178.5,255.255.255.240,10.154.178.2
279,SLA,10.154.178.6,255.255.255.240,10.154.178.1
280,IR829,10.154.171.2,255.255.255.240,10.154.171.1
280,UPS,10.154.171.3,255.255.255.240,10.154.171.2
280,EBCS,10.154.171.4,255.255.255.240,10.154.171.2
280,SMARC,10.154.171.5,255.255.255.240,10.154.171.2
280,SLA,10.154.171.6,255.255.255.240,10.154.171.1
281,IR829,10.194.73.18,255.255.255.240,10.194.73.17
281,UPS,10.194.73.19,255.255.255.240,10.194.73.18
281,EBCS,10.194.73.20,255.255.255.240,10.194.73.18
281,SMARC,10.194.73.21,255.255.255.240,10.194.73.18
281,SLA,10.194.73.22,255.255.255.240,10.194.73.17
282,IR829,10.194.81.18,255.255.255.240,10.194.81.17
282,UPS,10.194.81.19,255.255.255.240,10.194.81.18
282,EBCS,10.194.81.20,255.255.255.240,10.194.81.18
282,SMARC,10.194.81.21,255.255.255.240,10.194.81.18
282,SLA,10.194.81.22,255.255.255.240,10.194.81.17
283,IR829,10.194.89.18,255.255.255.240,10.194.89.17
283,UPS,10.194.89.19,255.255.255.240,10.194.89.18
283,EBCS,10.194.89.20,255.255.255.240,10.194.89.18
283,SMARC,10.194.89.21,255.255.255.240,10.194.89.18
283,SLA,10.194.89.22,255.255.255.240,10.194.89.17
284,IR829,10.194.97.18,255.255.255.240,10.194.97.17
284,UPS,10.194.97.19,255.255.255.240,10.194.97.18
284,EBCS,10.194.97.20,255.255.255.240,10.194.97.18
284,SMARC,10.194.97.21,255.255.255.240,10.194.97.18
284,SLA,10.194.97.22,255.255.255.240,10.194.97.17
285,IR829,10.180.73.114,255.255.255.240,10.180.73.113
285,UPS,10.180.73.115,255.255.255.240,10.180.73.114
285,EBCS,10.180.73.116,255.255.255.240,10.180.73.114
285,SMARC,10.180.73.117,255.255.255.240,10.180.73.114
285,SLA,10.180.73.118,255.255.255.240,10.180.73.113
286,IR829,10.180.65.18,255.255.255.240,10.180.65.17
286,UPS,10.180.65.19,255.255.255.240,10.180.65.18
286,EBCS,10.180.65.20,255.255.255.240,10.180.65.18
286,SMARC,10.180.65.21,255.255.255.240,10.180.65.18
286,SLA,10.180.65.22,255.255.255.240,10.180.65.17
287,IR829,10.180.57.18,255.255.255.240,10.180.57.17
287,UPS,10.180.57.19,255.255.255.240,10.180.57.18
287,EBCS,10.180.57.20,255.255.255.240,10.180.57.18
287,SMARC,10.180.57.21,255.255.255.240,10.180.57.18
287,SLA,10.180.57.22,255.255.255.240,10.180.57.17
288,IR829,10.180.49.18,255.255.255.240,10.180.49.17
288,UPS,10.180.49.19,255.255.255.240,10.180.49.18
288,EBCS,10.180.49.20,255.255.255.240,10.180.49.18
288,SMARC,10.180.49.21,255.255.255.240,10.180.49.18
288,SLA,10.180.49.22,255.255.255.240,10.180.49.17
289,IR829,10.180.41.18,255.255.255.240,10.180.41.17
289,UPS,10.180.41.19,255.255.255.240,10.180.41.18
289,EBCS,10.180.41.20,255.255.255.240,10.180.41.18
289,SMARC,10.180.41.21,255.255.255.240,10.180.41.18
289,SLA,10.180.41.22,255.255.255.240,10.180.41.17
290,IR829,10.180.33.18,255.255.255.240,10.180.33.17
290,UPS,10.180.33.19,255.255.255.240,10.180.33.18
290,EBCS,10.180.33.20,255.255.255.240,10.180.33.18
290,SMARC,10.180.33.21,255.255.255.240,10.180.33.18
290,SLA,10.180.33.22,255.255.255.240,10.180.33.17
291,IR829,10.180.25.18,255.255.255.240,10.180.25.17
291,UPS,10.180.25.19,255.255.255.240,10.180.25.18
291,EBCS,10.180.25.20,255.255.255.240,10.180.25.18
291,SMARC,10.180.25.21,255.255.255.240,10.180.25.18
291,SLA,10.180.25.22,255.255.255.240,10.180.25.17
292,IR829,10.180.17.18,255.255.255.240,10.180.17.17
292,UPS,10.180.17.19,255.255.255.240,10.180.17.18
292,EBCS,10.180.17.20,255.255.255.240,10.180.17.18
292,SMARC,10.180.17.21,255.255.255.240,10.180.17.18
292,SLA,10.180.17.22,255.255.255.240,10.180.17.17
293,IR829,10.214.153.18,255.255.255.240,10.214.153.17
293,UPS,10.214.153.19,255.255.255.240,10.214.153.18
293,EBCS,10.214.153.20,255.255.255.240,10.214.153.18
293,SMARC,10.214.153.21,255.255.255.240,10.214.153.18
293,SLA,10.214.153.22,255.255.255.240,10.214.153.17
294,IR829,10.214.145.18,255.255.255.240,10.214.145.17
294,UPS,10.214.145.19,255.255.255.240,10.214.145.18
294,EBCS,10.214.145.20,255.255.255.240,10.214.145.18
294,SMARC,10.214.145.21,255.255.255.240,10.214.145.18
294,SLA,10.214.145.22,255.255.255.240,10.214.145.17
295,IR829,10.214.137.18,255.255.255.240,10.214.137.17
295,UPS,10.214.137.19,255.255.255.240,10.214.137.18
295,EBCS,10.214.137.20,255.255.255.240,10.214.137.18
295,SMARC,10.214.137.21,255.255.255.240,10.214.137.18
295,SLA,10.214.137.22,255.255.255.240,10.214.137.17
296,IR829,10.214.129.18,255.255.255.240,10.214.129.17
296,UPS,10.214.129.19,255.255.255.240,10.214.129.18
296,EBCS,10.214.129.20,255.255.255.240,10.214.129.18
296,SMARC,10.214.129.21,255.255.255.240,10.214.129.18
296,SLA,10.214.129.22,255.255.255.240,10.214.129.17
297,IR829,10.214.121.18,255.255.255.240,10.214.121.17
297,UPS,10.214.121.19,255.255.255.240,10.214.121.18
297,EBCS,10.214.121.20,255.255.255.240,10.214.121.18
297,SMARC,10.214.121.21,255.255.255.240,10.214.121.18
297,SLA,10.214.121.22,255.255.255.240,10.214.121.17
298,IR829,10.214.113.50,255.255.255.240,10.214.113.49
298,UPS,10.214.113.51,255.255.255.240,10.214.113.50
298,EBCS,10.214.113.52,255.255.255.240,10.214.113.50
298,SMARC,10.214.113.53,255.255.255.240,10.214.113.50
298,SLA,10.214.113.54,255.255.255.240,10.214.113.49
299,IR829,10.214.105.2,255.255.255.240,10.214.105.1
299,UPS,10.214.105.3,255.255.255.240,10.214.105.2
299,EBCS,10.214.105.4,255.255.255.240,10.214.105.2
299,SMARC,10.214.105.5,255.255.255.240,10.214.105.2
299,SLA,10.214.105.6,255.255.255.240,10.214.105.1
300,IR829,10.214.98.114,255.255.255.240,10.214.98.113
300,UPS,10.214.98.115,255.255.255.240,10.214.98.114
300,EBCS,10.214.98.116,255.255.255.240,10.214.98.114
300,SMARC,10.214.98.117,255.255.255.240,10.214.98.114
300,SLA,10.214.98.118,255.255.255.240,10.214.98.113
301,IR829,10.214.89.50,255.255.255.240,10.214.89.49
301,UPS,10.214.89.51,255.255.255.240,10.214.89.50
301,EBCS,10.214.89.52,255.255.255.240,10.214.89.50
301,SMARC,10.214.89.53,255.255.255.240,10.214.89.50
301,SLA,10.214.89.54,255.255.255.240,10.214.89.49
302,IR829,10.214.73.34,255.255.255.224,10.214.73.33
302,UPS,10.214.73.35,255.255.255.224,10.214.73.34
302,EBCS,10.214.73.36,255.255.255.224,10.214.73.34
302,SMARC,10.214.73.37,255.255.255.224,10.214.73.34
302,SLA,10.214.73.38,255.255.255.224,10.214.73.33
303,IR829,10.214.65.18,255.255.255.240,10.214.65.17
303,UPS,10.214.65.19,255.255.255.240,10.214.65.18
303,EBCS,10.214.65.20,255.255.255.240,10.214.65.18
303,SMARC,10.214.65.21,255.255.255.240,10.214.65.18
303,SLA,10.214.65.22,255.255.255.240,10.214.65.17
304,IR829,10.214.57.18,255.255.255.240,10.214.57.17
304,UPS,10.214.57.19,255.255.255.240,10.214.57.18
304,EBCS,10.214.57.20,255.255.255.240,10.214.57.18
304,SMARC,10.214.57.21,255.255.255.240,10.214.57.18
304,SLA,10.214.57.22,255.255.255.240,10.214.57.17
305,IR829,10.214.49.18,255.255.255.240,10.214.49.17
305,UPS,10.214.49.19,255.255.255.240,10.214.49.18
305,EBCS,10.214.49.20,255.255.255.240,10.214.49.18
305,SMARC,10.214.49.21,255.255.255.240,10.214.49.18
305,SLA,10.214.49.22,255.255.255.240,10.214.49.17
306,IR829,10.214.41.18,255.255.255.240,10.214.41.17
306,UPS,10.214.41.19,255.255.255.240,10.214.41.18
306,EBCS,10.214.41.20,255.255.255.240,10.214.41.18
306,SMARC,10.214.41.21,255.255.255.240,10.214.41.18
306,SLA,10.214.41.22,255.255.255.240,10.214.41.17
307,IR829,10.214.33.18,255.255.255.240,10.214.33.17
307,UPS,10.214.33.19,255.255.255.240,10.214.33.18
307,EBCS,10.214.33.20,255.255.255.240,10.214.33.18
307,SMARC,10.214.33.21,255.255.255.240,10.214.33.18
307,SLA,10.214.33.22,255.255.255.240,10.214.33.17
308,IR829,10.214.25.18,255.255.255.240,10.214.25.17
308,UPS,10.214.25.19,255.255.255.240,10.214.25.18
308,EBCS,10.214.25.20,255.255.255.240,10.214.25.18
308,SMARC,10.214.25.21,255.255.255.240,10.214.25.18
308,SLA,10.214.25.22,255.255.255.240,10.214.25.17
309,IR829,10.214.17.18,255.255.255.240,10.214.17.17
309,UPS,10.214.17.19,255.255.255.240,10.214.17.18
309,EBCS,10.214.17.20,255.255.255.240,10.214.17.18
309,SMARC,10.214.17.21,255.255.255.240,10.214.17.18
309,SLA,10.214.17.22,255.255.255.240,10.214.17.17
310,IR829,10.138.65.34,255.255.255.224,10.138.65.33
310,UPS,10.138.65.35,255.255.255.224,10.138.65.34
310,EBCS,10.138.65.36,255.255.255.224,10.138.65.34
310,SMARC,10.138.65.37,255.255.255.224,10.138.65.34
310,SLA,10.138.65.38,255.255.255.224,10.138.65.33
311,IR829,10.138.57.34,255.255.255.224,10.138.57.33
311,UPS,10.138.57.35,255.255.255.224,10.138.57.34
311,EBCS,10.138.57.36,255.255.255.224,10.138.57.34
311,SMARC,10.138.57.37,255.255.255.224,10.138.57.34
311,SLA,10.138.57.38,255.255.255.224,10.138.57.33
312,IR829,10.138.50.18,255.255.255.240,10.138.50.17
312,UPS,10.138.50.19,255.255.255.240,10.138.50.18
312,EBCS,10.138.50.20,255.255.255.240,10.138.50.18
312,SMARC,10.138.50.21,255.255.255.240,10.138.50.18
312,SLA,10.138.50.22,255.255.255.240,10.138.50.17
313,IR829,10.138.41.18,255.255.255.240,10.138.41.17
313,UPS,10.138.41.19,255.255.255.240,10.138.41.18
313,EBCS,10.138.41.20,255.255.255.240,10.138.41.18
313,SMARC,10.138.41.21,255.255.255.240,10.138.41.18
313,SLA,10.138.41.22,255.255.255.240,10.138.41.17
314,IR829,10.138.33.18,255.255.255.240,10.138.33.17
314,UPS,10.138.33.19,255.255.255.240,10.138.33.18
314,EBCS,10.138.33.20,255.255.255.240,10.138.33.18
314,SMARC,10.138.33.21,255.255.255.240,10.138.33.18
314,SLA,10.138.33.22,255.255.255.240,10.138.33.17
315,IR829,10.138.25.34,255.255.255.224,10.138.25.33
315,UPS,10.138.25.35,255.255.255.224,10.138.25.34
315,EBCS,10.138.25.36,255.255.255.224,10.138.25.34
315,SMARC,10.138.25.37,255.255.255.224,10.138.25.34
315,SLA,10.138.25.38,255.255.255.224,10.138.25.33
316,IR829,10.216.17.18,255.255.255.240,10.216.17.17
316,UPS,10.216.17.19,255.255.255.240,10.216.17.18
316,EBCS,10.216.17.20,255.255.255.240,10.216.17.18
316,SMARC,10.216.17.21,255.255.255.240,10.216.17.18
316,SLA,10.216.17.22,255.255.255.240,10.216.17.17
318,IR829,10.216.25.34,255.255.255.224,10.216.25.33
318,UPS,10.216.25.35,255.255.255.224,10.216.25.34
318,EBCS,10.216.25.36,255.255.255.224,10.216.25.34
318,SMARC,10.216.25.37,255.255.255.224,10.216.25.34
318,SLA,10.216.25.38,255.255.255.224,10.216.25.33
319,IR829,10.216.33.18,255.255.255.240,10.216.33.17
319,UPS,10.216.33.19,255.255.255.240,10.216.33.18
319,EBCS,10.216.33.20,255.255.255.240,10.216.33.18
319,SMARC,10.216.33.21,255.255.255.240,10.216.33.18
319,SLA,10.216.33.22,255.255.255.240,10.216.33.17
320,IR829,10.216.41.18,255.255.255.240,10.216.41.17
320,UPS,10.216.41.19,255.255.255.240,10.216.41.18
320,EBCS,10.216.41.20,255.255.255.240,10.216.41.18
320,SMARC,10.216.41.21,255.255.255.240,10.216.41.18
320,SLA,10.216.41.22,255.255.255.240,10.216.41.17
321,IR829,10.216.49.18,255.255.255.240,10.216.49.17
321,UPS,10.216.49.19,255.255.255.240,10.216.49.18
321,EBCS,10.216.49.20,255.255.255.240,10.216.49.18
321,SMARC,10.216.49.21,255.255.255.240,10.216.49.18
321,SLA,10.216.49.22,255.255.255.240,10.216.49.17
322,IR829,10.142.9.50,255.255.255.240,10.142.9.49
322,UPS,10.142.9.51,255.255.255.240,10.142.9.50
322,EBCS,10.142.9.52,255.255.255.240,10.142.9.50
322,SMARC,10.142.9.53,255.255.255.240,10.142.9.50
322,SLA,10.142.9.54,255.255.255.240,10.142.9.49
323,IR829,10.156.113.50,255.255.255.240,10.156.113.49
323,UPS,10.156.113.51,255.255.255.240,10.156.113.50
323,EBCS,10.156.113.52,255.255.255.240,10.156.113.50
323,SMARC,10.156.113.53,255.255.255.240,10.156.113.50
323,SLA,10.156.113.54,255.255.255.240,10.156.113.49
324,IR829,10.156.105.50,255.255.255.240,10.156.105.49
324,UPS,10.156.105.51,255.255.255.240,10.156.105.50
324,EBCS,10.156.105.52,255.255.255.240,10.156.105.50
324,SMARC,10.156.105.53,255.255.255.240,10.156.105.50
324,SLA,10.156.105.54,255.255.255.240,10.156.105.49
325,IR829,10.156.97.50,255.255.255.240,10.156.97.49
325,UPS,10.156.97.51,255.255.255.240,10.156.97.50
325,EBCS,10.156.97.52,255.255.255.240,10.156.97.50
325,SMARC,10.156.97.53,255.255.255.240,10.156.97.50
325,SLA,10.156.97.54,255.255.255.240,10.156.97.49
326,IR829,10.156.89.17,255.255.255.240,10.156.89.16
326,UPS,10.156.89.18,255.255.255.240,10.156.89.17
326,EBCS,10.156.89.19,255.255.255.240,10.156.89.17
326,SMARC,10.156.89.20,255.255.255.240,10.156.89.17
326,SLA,10.156.89.21,255.255.255.240,10.156.89.16
327,IR829,10.156.81.50,255.255.255.240,10.156.81.49
327,UPS,10.156.81.51,255.255.255.240,10.156.81.50
327,EBCS,10.156.81.52,255.255.255.240,10.156.81.50
327,SMARC,10.156.81.53,255.255.255.240,10.156.81.50
327,SLA,10.156.81.54,255.255.255.240,10.156.81.49
328,IR829,10.142.41.2,255.255.255.240,10.142.41.1
328,UPS,10.142.41.3,255.255.255.240,10.142.41.2
328,EBCS,10.142.41.4,255.255.255.240,10.142.41.2
328,SMARC,10.142.41.5,255.255.255.240,10.142.41.2
328,SLA,10.142.41.6,255.255.255.240,10.142.41.1
329,IR829,10.142.33.2,255.255.255.240,10.142.33.1
329,UPS,10.142.33.3,255.255.255.240,10.142.33.2
329,EBCS,10.142.33.4,255.255.255.240,10.142.33.2
329,SMARC,10.142.33.5,255.255.255.240,10.142.33.2
329,SLA,10.142.33.6,255.255.255.240,10.142.33.1
330,IR829,10.142.25.18,255.255.255.240,10.142.25.17
330,UPS,10.142.25.19,255.255.255.240,10.142.25.18
330,EBCS,10.142.25.20,255.255.255.240,10.142.25.18
330,SMARC,10.142.25.21,255.255.255.240,10.142.25.18
330,SLA,10.142.25.22,255.255.255.240,10.142.25.17
336,IR829,10.152.17.50,255.255.255.240,10.152.17.49
336,UPS,10.152.17.51,255.255.255.240,10.152.17.50
336,EBCS,10.152.17.52,255.255.255.240,10.152.17.50
336,SMARC,10.152.17.53,255.255.255.240,10.152.17.50
336,SLA,10.152.17.54,255.255.255.240,10.152.17.49
337,IR829,10.152.25.50,255.255.255.240,10.152.25.49
337,UPS,10.152.25.51,255.255.255.240,10.152.25.50
337,EBCS,10.152.25.52,255.255.255.240,10.152.25.50
337,SMARC,10.152.25.53,255.255.255.240,10.152.25.50
337,SLA,10.152.25.54,255.255.255.240,10.152.25.49
338,IR829,10.152.33.98,255.255.255.224,10.152.33.97
338,UPS,10.152.33.99,255.255.255.224,10.152.33.98
338,EBCS,10.152.33.100,255.255.255.224,10.152.33.98
338,SMARC,10.152.33.101,255.255.255.224,10.152.33.98
338,SLA,10.152.33.102,255.255.255.224,10.152.33.97
339,IR829,10.152.41.50,255.255.255.240,10.152.41.49
339,UPS,10.152.41.51,255.255.255.240,10.152.41.50
339,EBCS,10.152.41.52,255.255.255.240,10.152.41.50
339,SMARC,10.152.41.53,255.255.255.240,10.152.41.50
339,SLA,10.152.41.54,255.255.255.240,10.152.41.49
340,IR829,10.152.49.50,255.255.255.240,10.152.49.49
340,UPS,10.152.49.51,255.255.255.240,10.152.49.50
340,EBCS,10.152.49.52,255.255.255.240,10.152.49.50
340,SMARC,10.152.49.53,255.255.255.240,10.152.49.50
340,SLA,10.152.49.54,255.255.255.240,10.152.49.49
341,IR829,10.152.57.50,255.255.255.240,10.152.57.49
341,UPS,10.152.57.51,255.255.255.240,10.152.57.50
341,EBCS,10.152.57.52,255.255.255.240,10.152.57.50
341,SMARC,10.152.57.53,255.255.255.240,10.152.57.50
341,SLA,10.152.57.54,255.255.255.240,10.152.57.49
342,IR829,10.152.65.50,255.255.255.240,10.152.65.49
342,UPS,10.152.65.51,255.255.255.240,10.152.65.50
342,EBCS,10.152.65.52,255.255.255.240,10.152.65.50
342,SMARC,10.152.65.53,255.255.255.240,10.152.65.50
342,SLA,10.152.65.54,255.255.255.240,10.152.65.49
343,IR829,10.152.73.50,255.255.255.240,10.152.73.49
343,UPS,10.152.73.51,255.255.255.240,10.152.73.50
343,EBCS,10.152.73.52,255.255.255.240,10.152.73.50
343,SMARC,10.152.73.53,255.255.255.240,10.152.73.50
343,SLA,10.152.73.54,255.255.255.240,10.152.73.49
344,IR829,10.152.81.50,255.255.255.240,10.152.81.49
344,UPS,10.152.81.51,255.255.255.240,10.152.81.50
344,EBCS,10.152.81.52,255.255.255.240,10.152.81.50
344,SMARC,10.152.81.53,255.255.255.240,10.152.81.50
344,SLA,10.152.81.54,255.255.255.240,10.152.81.49
345,IR829,10.186.9.50,255.255.255.240,10.186.9.49
345,UPS,10.186.9.51,255.255.255.240,10.186.9.50
345,EBCS,10.186.9.52,255.255.255.240,10.186.9.50
345,SMARC,10.186.9.53,255.255.255.240,10.186.9.50
345,SLA,10.186.9.54,255.255.255.240,10.186.9.49
346,IR829,10.184.65.18,255.255.255.240,10.184.65.17
346,UPS,10.184.65.19,255.255.255.240,10.184.65.18
346,EBCS,10.184.65.20,255.255.255.240,10.184.65.18
346,SMARC,10.184.65.21,255.255.255.240,10.184.65.18
346,SLA,10.184.65.22,255.255.255.240,10.184.65.17
347,IR829,10.184.57.18,255.255.255.240,10.184.57.17
347,UPS,10.184.57.19,255.255.255.240,10.184.57.18
347,EBCS,10.184.57.20,255.255.255.240,10.184.57.18
347,SMARC,10.184.57.21,255.255.255.240,10.184.57.18
347,SLA,10.184.57.22,255.255.255.240,10.184.57.17
348,IR829,10.184.49.18,255.255.255.240,10.184.49.17
348,UPS,10.184.49.19,255.255.255.240,10.184.49.18
348,EBCS,10.184.49.20,255.255.255.240,10.184.49.18
348,SMARC,10.184.49.21,255.255.255.240,10.184.49.18
348,SLA,10.184.49.22,255.255.255.240,10.184.49.17
349,IR829,10.184.41.18,255.255.255.240,10.184.41.17
349,UPS,10.184.41.19,255.255.255.240,10.184.41.18
349,EBCS,10.184.41.20,255.255.255.240,10.184.41.18
349,SMARC,10.184.41.21,255.255.255.240,10.184.41.18
349,SLA,10.184.41.22,255.255.255.240,10.184.41.17
350,IR829,10.184.33.18,255.255.255.240,10.184.33.17
350,UPS,10.184.33.19,255.255.255.240,10.184.33.18
350,EBCS,10.184.33.20,255.255.255.240,10.184.33.18
350,SMARC,10.184.33.21,255.255.255.240,10.184.33.18
350,SLA,10.184.33.22,255.255.255.240,10.184.33.17
351,IR829,10.184.25.18,255.255.255.240,10.184.25.17
351,UPS,10.184.25.19,255.255.255.240,10.184.25.18
351,EBCS,10.184.25.20,255.255.255.240,10.184.25.18
351,SMARC,10.184.25.21,255.255.255.240,10.184.25.18
351,SLA,10.184.25.22,255.255.255.240,10.184.25.17
352,IR829,10.184.17.18,255.255.255.240,10.184.17.17
352,UPS,10.184.17.19,255.255.255.240,10.184.17.18
352,EBCS,10.184.17.20,255.255.255.240,10.184.17.18
352,SMARC,10.184.17.21,255.255.255.240,10.184.17.18
352,SLA,10.184.17.22,255.255.255.240,10.184.17.17
353,IR829,10.186.65.18,255.255.255.240,10.186.65.17
353,UPS,10.186.65.19,255.255.255.240,10.186.65.18
353,EBCS,10.186.65.20,255.255.255.240,10.186.65.18
353,SMARC,10.186.65.21,255.255.255.240,10.186.65.18
353,SLA,10.186.65.22,255.255.255.240,10.186.65.17
354,IR829,10.186.57.18,255.255.255.240,10.186.57.17
354,UPS,10.186.57.19,255.255.255.240,10.186.57.18
354,EBCS,10.186.57.20,255.255.255.240,10.186.57.18
354,SMARC,10.186.57.21,255.255.255.240,10.186.57.18
354,SLA,10.186.57.22,255.255.255.240,10.186.57.17
355,IR829,10.186.49.50,255.255.255.240,10.186.49.49
355,UPS,10.186.49.51,255.255.255.240,10.186.49.50
355,EBCS,10.186.49.52,255.255.255.240,10.186.49.50
355,SMARC,10.186.49.53,255.255.255.240,10.186.49.50
355,SLA,10.186.49.54,255.255.255.240,10.186.49.49
356,IR829,10.186.41.50,255.255.255.240,10.186.41.49
356,UPS,10.186.41.51,255.255.255.240,10.186.41.50
356,EBCS,10.186.41.52,255.255.255.240,10.186.41.50
356,SMARC,10.186.41.53,255.255.255.240,10.186.41.50
356,SLA,10.186.41.54,255.255.255.240,10.186.41.49
357,IR829,10.186.33.50,255.255.255.240,10.186.33.49
357,UPS,10.186.33.51,255.255.255.240,10.186.33.50
357,EBCS,10.186.33.52,255.255.255.240,10.186.33.50
357,SMARC,10.186.33.53,255.255.255.240,10.186.33.50
357,SLA,10.186.33.54,255.255.255.240,10.186.33.49
358,IR829,10.186.25.50,255.255.255.240,10.186.25.49
358,UPS,10.186.25.51,255.255.255.240,10.186.25.50
358,EBCS,10.186.25.52,255.255.255.240,10.186.25.50
358,SMARC,10.186.25.53,255.255.255.240,10.186.25.50
358,SLA,10.186.25.54,255.255.255.240,10.186.25.49
359,IR829,10.186.17.50,255.255.255.240,10.186.17.49
359,UPS,10.186.17.51,255.255.255.240,10.186.17.50
359,EBCS,10.186.17.52,255.255.255.240,10.186.17.50
359,SMARC,10.186.17.53,255.255.255.240,10.186.17.50
359,SLA,10.186.17.54,255.255.255.240,10.186.17.49
378,IR829,10.136.25.50,255.255.255.240,10.136.25.49
378,UPS,10.136.25.51,255.255.255.240,10.136.25.50
378,EBCS,10.136.25.52,255.255.255.240,10.136.25.50
378,SMARC,10.136.25.53,255.255.255.240,10.136.25.50
378,SLA,10.136.25.54,255.255.255.240,10.136.25.49
379,IR829,10.136.33.50,255.255.255.240,10.136.33.49
379,UPS,10.136.33.51,255.255.255.240,10.136.33.50
379,EBCS,10.136.33.52,255.255.255.240,10.136.33.50
379,SMARC,10.136.33.53,255.255.255.240,10.136.33.50
379,SLA,10.136.33.54,255.255.255.240,10.136.33.49
380,IR829,10.136.41.50,255.255.255.240,10.136.41.49
380,UPS,10.136.41.51,255.255.255.240,10.136.41.50
380,EBCS,10.136.41.52,255.255.255.240,10.136.41.50
380,SMARC,10.136.41.53,255.255.255.240,10.136.41.50
380,SLA,10.136.41.54,255.255.255.240,10.136.41.49
381,IR829,10.136.49.18,255.255.255.240,10.136.49.17
381,UPS,10.136.49.19,255.255.255.240,10.136.49.18
381,EBCS,10.136.49.20,255.255.255.240,10.136.49.18
381,SMARC,10.136.49.21,255.255.255.240,10.136.49.18
381,SLA,10.136.49.22,255.255.255.240,10.136.49.17
382,IR829,10.136.57.18,255.255.255.240,10.136.57.17
382,UPS,10.136.57.19,255.255.255.240,10.136.57.18
382,EBCS,10.136.57.20,255.255.255.240,10.136.57.18
382,SMARC,10.136.57.21,255.255.255.240,10.136.57.18
382,SLA,10.136.57.22,255.255.255.240,10.136.57.17
383,IR829,10.136.65.50,255.255.255.240,10.136.65.49
383,UPS,10.136.65.51,255.255.255.240,10.136.65.50
383,EBCS,10.136.65.52,255.255.255.240,10.136.65.50
383,SMARC,10.136.65.53,255.255.255.240,10.136.65.50
383,SLA,10.136.65.54,255.255.255.240,10.136.65.49
384,IR829,10.136.73.18,255.255.255.240,10.136.73.17
384,UPS,10.136.73.19,255.255.255.240,10.136.73.18
384,EBCS,10.136.73.20,255.255.255.240,10.136.73.18
384,SMARC,10.136.73.21,255.255.255.240,10.136.73.18
384,SLA,10.136.73.22,255.255.255.240,10.136.73.17
385,IR829,10.136.81.34,255.255.255.240,10.136.81.33
385,UPS,10.136.81.35,255.255.255.240,10.136.81.34
385,EBCS,10.136.81.36,255.255.255.240,10.136.81.34
385,SMARC,10.136.81.37,255.255.255.240,10.136.81.34
385,SLA,10.136.81.38,255.255.255.240,10.136.81.33
386,IR829,10.136.89.18,255.255.255.240,10.136.89.17
386,UPS,10.136.89.19,255.255.255.240,10.136.89.18
386,EBCS,10.136.89.20,255.255.255.240,10.136.89.18
386,SMARC,10.136.89.21,255.255.255.240,10.136.89.18
386,SLA,10.136.89.22,255.255.255.240,10.136.89.17
387,IR829,10.136.97.18,255.255.255.240,10.136.97.17
387,UPS,10.136.97.19,255.255.255.240,10.136.97.18
387,EBCS,10.136.97.20,255.255.255.240,10.136.97.18
387,SMARC,10.136.97.21,255.255.255.240,10.136.97.18
387,SLA,10.136.97.22,255.255.255.240,10.136.97.17
388,IR829,10.136.105.18,255.255.255.240,10.136.105.17
388,UPS,10.136.105.19,255.255.255.240,10.136.105.18
388,EBCS,10.136.105.20,255.255.255.240,10.136.105.18
388,SMARC,10.136.105.21,255.255.255.240,10.136.105.18
388,SLA,10.136.105.22,255.255.255.240,10.136.105.17
389,IR829,10.136.113.50,255.255.255.240,10.136.113.49
389,UPS,10.136.113.51,255.255.255.240,10.136.113.50
389,EBCS,10.136.113.52,255.255.255.240,10.136.113.50
389,SMARC,10.136.113.53,255.255.255.240,10.136.113.50
389,SLA,10.136.113.54,255.255.255.240,10.136.113.49
390,IR829,10.140.25.18,255.255.255.240,10.140.25.17
390,UPS,10.140.25.19,255.255.255.240,10.140.25.18
390,EBCS,10.140.25.20,255.255.255.240,10.140.25.18
390,SMARC,10.140.25.21,255.255.255.240,10.140.25.18
390,SLA,10.140.25.22,255.255.255.240,10.140.25.17
391,IR829,10.204.17.2,255.255.255.240,10.204.17.1
391,UPS,10.204.17.3,255.255.255.240,10.204.17.2
391,EBCS,10.204.17.4,255.255.255.240,10.204.17.2
391,SMARC,10.204.17.5,255.255.255.240,10.204.17.2
391,SLA,10.204.17.6,255.255.255.240,10.204.17.1
436,IR829,10.138.113.18,255.255.255.240,10.138.113.17
436,UPS,10.138.113.19,255.255.255.240,10.138.113.18
436,EBCS,10.138.113.20,255.255.255.240,10.138.113.18
436,SMARC,10.138.113.21,255.255.255.240,10.138.113.18
436,SLA,10.138.113.22,255.255.255.240,10.138.113.17
437,IR829,10.138.105.18,255.255.255.240,10.138.105.17
437,UPS,10.138.105.19,255.255.255.240,10.138.105.18
437,EBCS,10.138.105.20,255.255.255.240,10.138.105.18
437,SMARC,10.138.105.21,255.255.255.240,10.138.105.18
437,SLA,10.138.105.22,255.255.255.240,10.138.105.17
438,IR829,10.138.97.18,255.255.255.240,10.138.97.17
438,UPS,10.138.97.19,255.255.255.240,10.138.97.18
438,EBCS,10.138.97.20,255.255.255.240,10.138.97.18
438,SMARC,10.138.97.21,255.255.255.240,10.138.97.18
438,SLA,10.138.97.22,255.255.255.240,10.138.97.17
439,IR829,10.138.89.18,255.255.255.240,10.138.89.17
439,UPS,10.138.89.19,255.255.255.240,10.138.89.18
439,EBCS,10.138.89.20,255.255.255.240,10.138.89.18
439,SMARC,10.138.89.21,255.255.255.240,10.138.89.18
439,SLA,10.138.89.22,255.255.255.240,10.138.89.17
440,IR829,10.138.81.18,255.255.255.240,10.138.81.17
440,UPS,10.138.81.19,255.255.255.240,10.138.81.18
440,EBCS,10.138.81.20,255.255.255.240,10.138.81.18
440,SMARC,10.138.81.21,255.255.255.240,10.138.81.18
440,SLA,10.138.81.22,255.255.255.240,10.138.81.17
441,IR829,10.138.73.18,255.255.255.240,10.138.73.17
441,UPS,10.138.73.19,255.255.255.240,10.138.73.18
441,EBCS,10.138.73.20,255.255.255.240,10.138.73.18
441,SMARC,10.138.73.21,255.255.255.240,10.138.73.18
441,SLA,10.138.73.22,255.255.255.240,10.138.73.17
447,IR829,10.150.129.34,255.255.255.224,10.150.129.33
447,UPS,10.150.129.35,255.255.255.224,10.150.129.34
447,EBCS,10.150.129.36,255.255.255.224,10.150.129.34
447,SMARC,10.150.129.37,255.255.255.224,10.150.129.34
447,SLA,10.150.129.38,255.255.255.224,10.150.129.33
448,IR829,10.150.121.34,255.255.255.224,10.150.121.33
448,UPS,10.150.121.35,255.255.255.224,10.150.121.34
448,EBCS,10.150.121.36,255.255.255.224,10.150.121.34
448,SMARC,10.150.121.37,255.255.255.224,10.150.121.34
448,SLA,10.150.121.38,255.255.255.224,10.150.121.33
449,IR829,10.150.113.66,255.255.255.240,10.150.113.65
449,UPS,10.150.113.67,255.255.255.240,10.150.113.66
449,EBCS,10.150.113.68,255.255.255.240,10.150.113.66
449,SMARC,10.150.113.69,255.255.255.240,10.150.113.66
449,SLA,10.150.113.70,255.255.255.240,10.150.113.65
450,IR829,10.150.105.18,255.255.255.240,10.150.105.17
450,UPS,10.150.105.19,255.255.255.240,10.150.105.18
450,EBCS,10.150.105.20,255.255.255.240,10.150.105.18
450,SMARC,10.150.105.21,255.255.255.240,10.150.105.18
450,SLA,10.150.105.22,255.255.255.240,10.150.105.17
451,IR829,10.150.97.66,255.255.255.240,10.150.97.65
451,UPS,10.150.97.67,255.255.255.240,10.150.97.66
451,EBCS,10.150.97.68,255.255.255.240,10.150.97.66
451,SMARC,10.150.97.69,255.255.255.240,10.150.97.66
451,SLA,10.150.97.70,255.255.255.240,10.150.97.65
452,IR829,10.150.89.18,255.255.255.240,10.150.89.17
452,UPS,10.150.89.19,255.255.255.240,10.150.89.18
452,EBCS,10.150.89.20,255.255.255.240,10.150.89.18
452,SMARC,10.150.89.21,255.255.255.240,10.150.89.18
452,SLA,10.150.89.22,255.255.255.240,10.150.89.17
453,IR829,10.150.81.18,255.255.255.240,10.150.81.17
453,UPS,10.150.81.19,255.255.255.240,10.150.81.18
453,EBCS,10.150.81.20,255.255.255.240,10.150.81.18
453,SMARC,10.150.81.21,255.255.255.240,10.150.81.18
453,SLA,10.150.81.22,255.255.255.240,10.150.81.17
455,IR829,10.150.33.18,255.255.255.240,10.150.33.17
455,UPS,10.150.33.19,255.255.255.240,10.150.33.18
455,EBCS,10.150.33.20,255.255.255.240,10.150.33.18
455,SMARC,10.150.33.21,255.255.255.240,10.150.33.18
455,SLA,10.150.33.22,255.255.255.240,10.150.33.17
456,IR829,10.150.41.18,255.255.255.240,10.150.41.17
456,UPS,10.150.41.19,255.255.255.240,10.150.41.18
456,EBCS,10.150.41.20,255.255.255.240,10.150.41.18
456,SMARC,10.150.41.21,255.255.255.240,10.150.41.18
456,SLA,10.150.41.22,255.255.255.240,10.150.41.17
457,IR829,10.150.49.18,255.255.255.240,10.150.49.17
457,UPS,10.150.49.19,255.255.255.240,10.150.49.18
457,EBCS,10.150.49.20,255.255.255.240,10.150.49.18
457,SMARC,10.150.49.21,255.255.255.240,10.150.49.18
457,SLA,10.150.49.22,255.255.255.240,10.150.49.17
458,IR829,10.150.57.50,255.255.255.240,10.150.57.49
458,UPS,10.150.57.51,255.255.255.240,10.150.57.50
458,EBCS,10.150.57.52,255.255.255.240,10.150.57.50
458,SMARC,10.150.57.53,255.255.255.240,10.150.57.50
458,SLA,10.150.57.54,255.255.255.240,10.150.57.49
459,IR829,10.150.65.18,255.255.255.240,10.150.65.17
459,UPS,10.150.65.19,255.255.255.240,10.150.65.18
459,EBCS,10.150.65.20,255.255.255.240,10.150.65.18
459,SMARC,10.150.65.21,255.255.255.240,10.150.65.18
459,SLA,10.150.65.22,255.255.255.240,10.150.65.17
460,IR829,10.150.73.18,255.255.255.240,10.150.73.17
460,UPS,10.150.73.19,255.255.255.240,10.150.73.18
460,EBCS,10.150.73.20,255.255.255.240,10.150.73.18
460,SMARC,10.150.73.21,255.255.255.240,10.150.73.18
460,SLA,10.150.73.22,255.255.255.240,10.150.73.17
461,IR829,10.208.9.34,255.255.255.240,10.208.9.33
461,UPS,10.208.9.35,255.255.255.240,10.208.9.34
461,EBCS,10.208.9.36,255.255.255.240,10.208.9.34
461,SMARC,10.208.9.37,255.255.255.240,10.208.9.34
461,SLA,10.208.9.38,255.255.255.240,10.208.9.33
462,IR829,10.208.17.18,255.255.255.240,10.208.17.17
462,UPS,10.208.17.19,255.255.255.240,10.208.17.18
462,EBCS,10.208.17.20,255.255.255.240,10.208.17.18
462,SMARC,10.208.17.21,255.255.255.240,10.208.17.18
462,SLA,10.208.17.22,255.255.255.240,10.208.17.17
463,IR829,10.208.25.2,255.255.255.240,10.208.25.1
463,UPS,10.208.25.3,255.255.255.240,10.208.25.2
463,EBCS,10.208.25.4,255.255.255.240,10.208.25.2
463,SMARC,10.208.25.5,255.255.255.240,10.208.25.2
463,SLA,10.208.25.6,255.255.255.240,10.208.25.1
464,IR829,10.208.33.2,255.255.255.240,10.208.33.1
464,UPS,10.208.33.3,255.255.255.240,10.208.33.2
464,EBCS,10.208.33.4,255.255.255.240,10.208.33.2
464,SMARC,10.208.33.5,255.255.255.240,10.208.33.2
464,SLA,10.208.33.6,255.255.255.240,10.208.33.1
466,IR829,10.144.65.2,255.255.255.240,10.144.65.1
466,UPS,10.144.65.3,255.255.255.240,10.144.65.2
466,EBCS,10.144.65.4,255.255.255.240,10.144.65.2
466,SMARC,10.144.65.5,255.255.255.240,10.144.65.2
466,SLA,10.144.65.6,255.255.255.240,10.144.65.1
471,IR829,10.144.76.2,255.255.255.240,10.144.76.1
471,UPS,10.144.76.3,255.255.255.240,10.144.76.2
471,EBCS,10.144.76.4,255.255.255.240,10.144.76.2
471,SMARC,10.144.76.5,255.255.255.240,10.144.76.2
471,SLA,10.144.76.6,255.255.255.240,10.144.76.1
475,IR829,10.191.28.34,255.255.255.224,10.191.28.33
475,UPS,10.191.28.35,255.255.255.224,10.191.28.34
475,EBCS,10.191.28.36,255.255.255.224,10.191.28.34
475,SMARC,10.191.28.37,255.255.255.224,10.191.28.34
475,SLA,10.191.28.38,255.255.255.224,10.191.28.33
476,IR829,10.191.21.66,255.255.255.224,10.191.21.65
476,UPS,10.191.21.67,255.255.255.224,10.191.21.66
476,EBCS,10.191.21.68,255.255.255.224,10.191.21.66
476,SMARC,10.191.21.69,255.255.255.224,10.191.21.66
476,SLA,10.191.21.70,255.255.255.224,10.191.21.65
477,IR829,10.191.9.2,255.255.255.240,10.191.9.1
477,UPS,10.191.9.3,255.255.255.240,10.191.9.2
477,EBCS,10.191.9.4,255.255.255.240,10.191.9.2
477,SMARC,10.191.9.5,255.255.255.240,10.191.9.2
477,SLA,10.191.9.6,255.255.255.240,10.191.9.1
